crystal,lot,filename,class,cx,cy,w,h
100,20241028_132839_241027053058_66_CROWN,20241029021234_CCD.jpg,0,0.444444,0.666666,0.022222,0.055555
100,20241028_132839_241027053058_66_CROWN,20241029025432_CCD.jpg,0,0.444444,0.777777,0.011111,0.022222
100,20241028_132839_241027053058_66_CROWN,20241029025432_CCD.jpg,0,0.456789,0.765432,0.033333,0.023456
111,20240610_042224_240610050654_88_CROWN,20240610_222222_CCD.jpg,0,0.555555,0.888888,0.044444,0.066666
776,20240617_140405_050914113343_22_CROWN,20240618055555_CCD.jpg,0,0.333333,0.199999,0.055555,0.033333
776,20240617_140405_050914113343_22_CROWN,20240618055566_CCD.jpg,0,0.444444,0.555555,0.066666,0.044444
